{
    "metadata": {
        "name": "MeTruyenCv",
        "author": "Nhocconsr",
        "version": 2,
        "source": "https://metruyencv.com",
        "regexp": "(www.)?metruyencv.com/truyen/[0-9a-z-]+/?$",
        "description": "Đọc truyện trên trang metruyencv.com",
        "locale": "vi_VN",
        "language": "javascript",
        "type": "novel"
    },
    "script": {
        "home": "home.js",
        "genre": "genre.js",
        "detail": "detail.js",
        "search": "search.js",
        "toc": "toc.js",
        "chap": "chap.js"
    }
}